ID,Name,Speciality,City,State,Zip_Code,Address
1,Adrian Rock,Dental,Camden,NJ,08102,1 Market street Camden NJ 08102
2,Bella Dmonte,Anesthesiology,Trenton,NJ,08608, 88  Watson Street Trenton NJ 08608
3,Ramesh Patel,Chiropractor,Brooksville,FL,34613,7549 Fairlane Ave Brooksville FL 34613
4,Derick Stone,Orthodentist,Fairport,NY,14450,56 Parce Ave Fairport NY 14450
5,Sachin Carver,Dermatology,Russellville,MO,65074,4715 Southfork Dr Russellville MO 65074
6,Franchesca Dillon,Neurology,Elora,TN,37328,176 Wells Lee Rd Elora TN 37328
7,Brayan Arnold,Pathology,Effie,LA,71331,1515 107th Hwy Effie LA 71331
8,Shakeel Goddard,Psychiatry,San Bernardino,CA,92407,6718 Ridgeline Ave San Bernardino CA 92407
9,Randall Ratliff,Surgery,Inverness,FL,34450,3076 S Blackmountain Dr Inverness FL 34450
10,Kabir Knights,Urology,Baton Rouge,LA,70806,8837 Trudeau Ave Baton Rouge LA 70806
11,Beth Brook,Dermatology,New Zion,SC,29111,5440 Old Manning Rd New Zion SC 29111
12,Ray Noel,Chiropractor,Gilbert,AZ,85295,1311 E Marcella Ln Gilbert AZ 85295
13,Tariq Webster,Dental,Milton,VT,05468,73 Sheldon Rd Milton VT 05468
14,Elen Rangel,Anesthesiology,La Grande,OR,97850,1503 4th St La Grande OR 97850
15,Kirk Duarte,Cardiology,Mason,OH,45040,612 Lindemann Dr Mason OH 45040
16,Tayla Cottrell,Gastroenterology,Windsor,PA,17366,405 Stabley Ln Windsor PA 17366
17,Belle Houston,Psychiatry,Albany, GA, 31701,905 N Davis St #APT C Albany GA 31701
18,Bryson Robertsondiffere,Surgery,Louisville,KY,40299,2729 Earnhardt Drive Louisville KY 40299
19,Hareem Gale,Radiology,Hickory Hills,IL,60457,8244 W 87th St Hickory Hills IL 60457
20,Amisha Sloan,Psychiatry,Bound Brook,NJ,08805,424 E Union Ave Bound Brook NJ 08805
21,Keane Archer,Urology,Hernando,FL,34442,1468 W Double Eagle Ct Hernando FL 34442
22,Samina Hook,Gastroenterology,Warrenville,SC,29851,119 Whiteash St Warrenville SC 29851
23,Tyson Weaver,Hepatology,Vanceboro,NC,28586,6075 Us 17 Hwy N Vanceboro NC 28586
24,Malaki Davie,Dental,Merrill,WI,54452,809 N State St Merrill WI 54452
25,Sol Hodgson,Orthodentist,Monkton,MD,21111,4127 Old York Rd Monkton MD 21111
26,Vivienne Benton,Surgery,Lake Oswego,OR,97034,15128 Glen Eagles Ct Lake Oswego OR 97034
27,Nadine Simpson,Neurology,Kennebunk,ME,04043,274 Beach Ave Kennebunk ME 04043
28,Annika Huffman,Cardiology,Springville,UT,84663,240 E 300th N Springville UT 84663
29,Jana Brooks,Immunology,Antigo,WI,54409,4586 County Rd #G Antigo WI 54409
30,Ollie Pope,Psychiatry,Saint Peters,MO,63376,903 Martha St Saint Peters MO 63376
